ID;Region;Kuerzel;Foerderung;Kum. Foerderung;Reserven;Ressourcen;Gesamtpotenzial;Verbl. Potenzial
1;Albanien;AL;0.05;8;2;50;60;52
2;Bulgarien;BG;0.4;7;5;575;587;580
3;Daenemark;DK;6.4;173;43;950;1166;993
4;Deutschland;DE;12.1;999;123;1870;2992;1993
5;Frankreich;FR;0.5;228;11;3984;4223;3995
6;Griechenland;GR;0.025;1;1;10;12;11
7;Irland;IE;0.4;56;25;50;131;75
8;Italien;IT;7.8;736;55;405;1195;459
9;Kroatien;HR;1.9;68;24;50;142;74
10;Litauen;LT;-;-;-;0.25;0.025;0.25
11;Malta;MT;-;-;-;10;10;10
12;Niederlande;NL;80.1;3377;1130;1505;6012;2635
13;Norwegen;NO;114.8;1767;2090;1820;5677;3910
14;Oesterreich;AT;1.7;95;15;820;930;835
15;Polen;PL;4.5;253;88;797;1138;885
16;Portugal;PT;-;-;-;40;40;40
17;Rumaenien;RO;10.9;1276;102;1590;2968;1692
18;Schweden;SE;-;-;-;280;280;280
19;Serbien;RS;0.5;32;48;10;90;58
20;Slowakei;SK;0.2;26;13;10;49;23
21;Slowenien;SI;0.025;-;1;15;16;16
22;Spanien;ES;0.1;11;3;2435;2449;2438
23;Tschechische Republik;CZ;0.3;15;5;130;150;135
24;Tuerkei;TR;0.7;13;7;1153;1173;1160
25;Ungarn;HU;2.2;225;8;347;580;355
26;Vereinigtes Koenigreich;GB;41.1;2421;461;1849;4731;2310
27;Zypern;CY;-;-;-;250;250;250
28;Armenien;AM;-;-;-;180;180;180
29;Aserbaidschan;AZ;16;527;991;2000;3518;2991
30;Georgien;GE;0.025;3;8;102;113;110
31;Kasachstan;KZ;29.1;471;1950;3700;6121;5650
32;Kirgisistan;KG;0.025;7;6;20;33;26
33;Moldau. Republik;MD;-;-;-;20;20;20
34;Russland;RU;609.7;20453;46000;142050;208503;188050
35;Tadschikistan;TJ;0.025;9;6;100;114;106
36;Turkmenistan;TM;64.4;2431;10000;15000;27431;25000
37;Ukraine;UA;18.6;1965;969;5930;8864;6899
38;Usbekistan;UZ;57.7;2136;1661;1500;5297;3161
39;Weißrussland;BY;0.2;13;3;10;25;13
40;Aegypten;EG;60.9;719;2190;10830;13739;13020
41;Algerien;DZ;81.5;2148;4504;26720;33372;31224
42;Angola;AO;0.8;21;297;1200;1518;1497
43;Aequatorialguinea;GQ;6.5;35;121;120;276;241
44;Aethiopien;ET;-;-;28;20;48;48
45;Benin;BJ;-;-;1;100;101;101
46;Botsuana;BW;-;-;-;1840;1840;1840
47;Côte d'Ivoire;CI;1.7;24;16;400;440;416
48;Eritrea;ER;-;-;-;100;100;100
49;Gabun;GA;0.2;5;27;600;632;627
50;Gambia;GM;-;-;-;25;25;25
51;Ghana;GH;-;-;27;300;327;327
52;Guinea;GN;-;-;-;200;200;200
53;Guinea-Bissau;GW;-;-;-;50;50;50
54;Kamerun;CM;0.3;-;153;200;353;353
55;Kenia;KE;-;-;-;600;600;600
56;Kongo. DR;CD;-;-;1;10;11;11
57;Kongo. Rep.;CG;0.2;-;124;200;324;324
58;Liberia;LR;-;-;-;200;200;200
59;Libyen;LY;12.2;282;1547;4650;6479;6197
60;Madagaskar;MG;-;-;2;4700;4702;4702
61;Marokko;MA;0.1;2;1;2220;2224;2221
62;Mauretanien;MR;-;-;28;200;228;228
63;Mosambik;MZ;3.4;25;127;5200;5353;5327
64;Namibia;NA;-;-;62;250;312;312
65;Niger;NE;-;-;-;250;250;250
66;Nigeria;NG;37.9;414;5118;3000;8532;8118
67;Ruanda;RW;-;-;-;50;50;50
68;São Tomé und Príncipe;ST;-;-;-;100;100;100
69;Senegal;SN;-;-;10;200;210;210
70;Seychellen;SC;-;-;-;600;600;600
71;Sierra Leone;SL;-;-;-;300;300;300
72;Simbabwe;ZW;-;-;-;10;10;10
73;Somalia;SO;-;-;6;400;406;406
74;Suedafrika;ZA;1.4;39;16;12330;12385;12346
75;Sudan & Suedsudan;SD;-;-;85;250;335;335
76;Tansania;TZ;0.9;-;37;1400;1437;1437
77;Togo;TG;-;-;-;100;100;100
78;Tschad;TD;-;-;-;200;200;200
79;Tunesien;TN;2.7;47;65;800;912;865
80;Uganda;UG;-;-;14;-;14;14
81;Westsahara;EH;-;-;-;228;228;228
82;Bahrain;BH;12.5;250;199;200;650;399
83;Irak;IQ;5.8;113;3588;4000;7701;7588
84;Iran;IR;158.2;2048;33620;11000;46668;44620
85;Israel;IL;2.5;17;269;2000;2286;2269
86;Jemen;YE;7.8;26;479;500;1005;979
87;Jordanien;JO;0.2;5;6;350;361;356
88;Katar;QA;157;1109;25069;2000;28178;27069
89;Kuwait;KW;14.5;305;1784;500;2589;2284
90;Libanon;LB;-;-;-;850;850;850
91;Oman;OM;29;342;950;1650;2942;2600
92;Palaestina;PS;-;-;30;350;380;380
93;Saudi-Arabien;SA;95.2;1580;8151;24664;34395;32815
94;Syrien;SY;6.7;127;285;300;712;585
95;V. Arab. Emirate;AE;51.7;1090;6090;1500;8680;7590
96;Afghanistan;AF;0.1;57;50;350;457;400
97;Australien;AU;48.8;984;3759;32430;37174;36189
98;Bangladesch;BD;21.8;302;349;800;1451;1149
99;Brunei;BN;12.5;386;288;200;874;488
100;China;CN;110.7;1263;3096;68980;73339;72076
101;Indien;IN;41.9;695;1330;6530;8555;7860
102;Indonesien;ID;76.7;1937;2927;10480;15344;13407
103;Japan;JP;3.2;130;21;5;156;26
104;Kambodscha;KH;-;-;-;50;50;50
105;Korea. Rep.;KR;0.4;-;5;50;55;55
106;Laos;LA;-;-;-;5;5;5
107;Malaysia;MY;63;1131;2389;1900;5420;4289
108;Mongolei;MN;-;-;-;133;133;133
109;Myanmar;MM;11.8;158;283;2000;2441;2283
110;Neuseeland;NZ;4.6;150;29;353;533;382
111;Pakistan;PK;41.3;758;766;4570;6094;5336
112;Papua-Neuguinea;PG;0.1;3;442;1000;1445;1442
113;Philippinen;PH;3.8;33;87;502;622;589
114;Sri Lanka;LK;-;-;-;300;300;300
115;Taiwan;TW;0.4;51;6;5;62;11
116;Thailand;TH;41.4;490;256;740;1486;996
117;Timor-Leste;TL;-;-;101;300;401;401
118;Vietnam;VN;9.4;81;617;1392;2090;2009
119;Groenland;GL;-;-;-;3900;3900;3900
120;Kanada;CA;156.5;5678;1930;35883;43492;37813
121;Mexiko;MX;47;1524;360;17770;19654;18130
122;USA;US;681.5;32868;8495;53850;95213;62345
123;Argentinien;AR;38.7;1067;333;23710;25110;24043
124;Barbados;BB;-;-;2;150;152;152
125;Belize;BZ;-;-;-;10;10;10
126;Bolivien;BO;18.7;220;282;1620;2121;1902
127;Brasilien;BR;17.4;245;452;18440;19137;18892
128;Chile;CL;1.2;107;41;1510;1658;1551
129;Ecuador;EC;0.5;6;7;20;33;27
130;Falklandinseln;FK;-;-;-;1500;1500;1500
131;(Franzoesisch-) Guyana;GY;-;-;-;400;400;400
132;Grenada;GD;-;-;-;25;25;25
133;Guatemala;GT;-;-;-;10;10;10
134;Guyana;GY;-;-;-;100;100;100
135;Haiti;HT;-;-;-;50;50;50
136;Kolumbien;CO;12;231;155;2282;2668;2437
137;Kuba;CU;1;13;71;400;484;471
138;Paraguay;PY;-;-;-;2420;2420;2420
139;Peru;PE;12.7;91;359;200;650;559
140;Puerto Rico;PR;-;-;-;30;30;30
141;Suriname;SR;-;-;-;300;300;300
142;Trinidad und Tobago;TT;42.2;545;375;500;1420;875
143;Uruguay;UY;-;-;-;828;828;828
144;Venezuela;VE;32.8;1051;5528;7230;13809;12758
